Player,Base Price,Type,Cost IN â‚¹ (CR.),Cost IN $ (K),2023 Squad,Team
Spencer Johnson,5000000,Bowler,10.0,1200.0,Uncapped,Gujarat Titans
Shahrukh Khan,4000000,All-Rounder,7.4,888.0,PBKS,Gujarat Titans
Umesh Yadav,20000000,Bowler,5.8,696.0,KKR,Gujarat Titans
Robin Minz,2000000,Wicketkeeper,3.6,432.0,Uncapped,Gujarat Titans
Sushant Mishra,2000000,Bowler,2.2,264.0,Uncapped,Gujarat Titans
Kartik Tyagi,2000000,Bowler,0.6,72.0,SRH,Gujarat Titans
Azmatullah Omarzai,5000000,All-Rounder,0.5,60.0,Uncapped,Gujarat Titans
Manav Suthar,2000000,Bowler,0.2,24.0,Uncapped,Gujarat Titans
David Miller,Retained,Nan,0.0,0.0,Uncapped,Gujarat Titans
Shubman Gill,Retained,Nan,0.0,0.0,Uncapped,Gujarat Titans
Matthew Wade,Retained,Nan,0.0,0.0,Uncapped,Gujarat Titans
Wriddhiman Saha,Retained,Nan,0.0,0.0,Uncapped,Gujarat Titans
Kane Williamson,Retained,Nan,0.0,0.0,Uncapped,Gujarat Titans
Abhinav Manohar,Retained,Nan,0.0,0.0,Uncapped,Gujarat Titans
B. Sai Sudharsan,Retained,Nan,0.0,0.0,Uncapped,Gujarat Titans
Darshan Nalkande,Retained,Nan,0.0,0.0,Uncapped,Gujarat Titans
Vijay Shankar,Retained,Nan,0.0,0.0,Uncapped,Gujarat Titans
Jayant Yadav,Retained,Nan,0.0,0.0,Uncapped,Gujarat Titans
Rahul Tewatia,Retained,Nan,0.0,0.0,Uncapped,Gujarat Titans
Mohammed Shami,Retained,Nan,0.0,0.0,Uncapped,Gujarat Titans
Noor Ahmad,Retained,Nan,0.0,0.0,Uncapped,Gujarat Titans
R. Sai Kishore,Retained,Nan,0.0,0.0,Uncapped,Gujarat Titans
Rashid Khan,Retained,Nan,0.0,0.0,Uncapped,Gujarat Titans
Joshua Little,Retained,Nan,0.0,0.0,Uncapped,Gujarat Titans
Mohit Sharma,Retained,Nan,0.0,0.0,Uncapped,Gujarat Titans
Daryl Mitchell,10000000,All-Rounder,14.0,1680.0,Uncapped,Chennai Super Kings
Sameer Rizvi,2000000,Batter,8.4,1008.0,Uncapped,Chennai Super Kings
Shardul Thakur,20000000,All-Rounder,4.0,480.0,KKR,Chennai Super Kings
Mustafizur Rahman,20000000,Bowler,2.0,240.0,DC,Chennai Super Kings
Rachin Ravindra,5000000,All-Rounder,1.8,216.0,Uncapped,Chennai Super Kings
Avanish Rao Aravelly,2000000,Wicketkeeper,0.2,24.0,Uncapped,Chennai Super Kings
MS Dhoni,Retained,Nan,0.0,0.0,Uncapped,Chennai Super Kings
Moeen Ali,Retained,Nan,0.0,0.0,Uncapped,Chennai Super Kings
Deepak Chahar,Retained,Nan,0.0,0.0,Uncapped,Chennai Super Kings
Devon Conway,Retained,Nan,0.0,0.0,Uncapped,Chennai Super Kings
Tushar Deshpande,Retained,Nan,0.0,0.0,Uncapped,Chennai Super Kings
Shivam Dube,Retained,Nan,0.0,0.0,Uncapped,Chennai Super Kings
Ruturaj Gaikwad,Retained,Nan,0.0,0.0,Uncapped,Chennai Super Kings
Rajvardhan Hangargekar,Retained,Nan,0.0,0.0,Uncapped,Chennai Super Kings
Ravindra Jadeja,Retained,Nan,0.0,0.0,Uncapped,Chennai Super Kings
Ajay Mandal,Retained,Nan,0.0,0.0,Uncapped,Chennai Super Kings
Mukesh Choudhary,Retained,Nan,0.0,0.0,Uncapped,Chennai Super Kings
Matheesha Pathirana,Retained,Nan,0.0,0.0,Uncapped,Chennai Super Kings
Ajinkya Rahane,Retained,Nan,0.0,0.0,Uncapped,Chennai Super Kings
Shaik Rasheed,Retained,Nan,0.0,0.0,Uncapped,Chennai Super Kings
Mitchell Santner,Retained,Nan,0.0,0.0,Uncapped,Chennai Super Kings
Simarjeet Singh,Retained,Nan,0.0,0.0,Uncapped,Chennai Super Kings
Nishant Sindhu,Retained,Nan,0.0,0.0,Uncapped,Chennai Super Kings
Prashant Solanki,Retained,Nan,0.0,0.0,Uncapped,Chennai Super Kings
Maheesh Theekshana,Retained,Nan,0.0,0.0,Uncapped,Chennai Super Kings
Kumar Kushagra,2000000,Wicketkeeper,7.2,864.0,Uncapped,Delhi Capital
Jhye Richardson,15000000,Bowler,5.0,600.0,Uncapped,Delhi Capital
Harry Brook,20000000,Batter,4.0,480.0,SRH,Delhi Capital
Sumit Kumar,2000000,All-Rounder,1.0,120.0,Uncapped,Delhi Capital
Shai Hope,7500000,Wicketkeeper,0.75,90.0,Uncapped,Delhi Capital
Tristan Stubbs,5000000,Wicketkeeper,0.5,60.0,MI,Delhi Capital
Ricky Bhui,2000000,Wicketkeeper,0.2,24.0,Uncapped,Delhi Capital
Rasikh Dar,2000000,Bowler,0.2,24.0,Uncapped,Delhi Capital
Swastik Chhikara,2000000,Batter,0.2,24.0,Uncapped,Delhi Capital
Rishabh Pant,Retained,Nan,0.0,0.0,Uncapped,Delhi Capital
Pravin Dubey,Retained,Nan,0.0,0.0,Uncapped,Delhi Capital
David Warner,Retained,Nan,0.0,0.0,Uncapped,Delhi Capital
Vicky Ostwal,Retained,Nan,0.0,0.0,Uncapped,Delhi Capital
Prithvi Shaw,Retained,Nan,0.0,0.0,Uncapped,Delhi Capital
Anrich Nortje,Retained,Nan,0.0,0.0,Uncapped,Delhi Capital
Abishek Porel,Retained,Nan,0.0,0.0,Uncapped,Delhi Capital
Kuldeep Yadav,Retained,Nan,0.0,0.0,Uncapped,Delhi Capital
Axar Patel,Retained,Nan,0.0,0.0,Uncapped,Delhi Capital
Lungi Ngidi,Retained,Nan,0.0,0.0,Uncapped,Delhi Capital
Lalit Yadav,Retained,Nan,0.0,0.0,Uncapped,Delhi Capital
Khaleel Ahmed,Retained,Nan,0.0,0.0,Uncapped,Delhi Capital
Mitchell Marsh,Retained,Nan,0.0,0.0,Uncapped,Delhi Capital
Ishant Sharma,Retained,Nan,0.0,0.0,Uncapped,Delhi Capital
Yash Dhull,Retained,Nan,0.0,0.0,Uncapped,Delhi Capital
Mukesh Kumar,Retained,Nan,0.0,0.0,Uncapped,Delhi Capital
Mitchell Starc,20000000,Bowler,24.75,2970.0,Uncapped,Kolkata Knight Riders
Mujeeb Rahman,20000000,Bowler,2.0,240.0,Uncapped,Kolkata Knight Riders
Sherfane Rutherford,15000000,Batter,1.5,180.0,Uncapped,Kolkata Knight Riders
Gus Atkinson,10000000,Bowler,1.0,120.0,Uncapped,Kolkata Knight Riders
Manish Pandey,5000000,Batter,0.5,60.0,DC,Kolkata Knight Riders
K.S. Bharat,5000000,Wicketkeeper,0.5,60.0,GT,Kolkata Knight Riders
Chetan Sakariya,5000000,Bowler,0.5,60.0,DC,Kolkata Knight Riders
Angkrish Raghuvanshi,2000000,Batter,0.2,24.0,Uncapped,Kolkata Knight Riders
Ramandeep Singh,2000000,All-Rounder,0.2,24.0,MI,Kolkata Knight Riders
Sakib Hussain,2000000,Bowler,0.2,24.0,Uncapped,Kolkata Knight Riders
Nitish Rana,Retained,Nan,0.0,0.0,Uncapped,Kolkata Knight Riders
Rinku Singh,Retained,Nan,0.0,0.0,Uncapped,Kolkata Knight Riders
Rahmanullah Gurbaz,Retained,Nan,0.0,0.0,Uncapped,Kolkata Knight Riders
Shreyas Iyer,Retained,Nan,0.0,0.0,Uncapped,Kolkata Knight Riders
Jason Roy,Retained,Nan,0.0,0.0,Uncapped,Kolkata Knight Riders
Sunil Narine,Retained,Nan,0.0,0.0,Uncapped,Kolkata Knight Riders
Suyash Sharma,Retained,Nan,0.0,0.0,Uncapped,Kolkata Knight Riders
Anukul Roy,Retained,Nan,0.0,0.0,Uncapped,Kolkata Knight Riders
Andre Russell,Retained,Nan,0.0,0.0,Uncapped,Kolkata Knight Riders
Venkatesh Iyer,Retained,Nan,0.0,0.0,Uncapped,Kolkata Knight Riders
Harshit Rana,Retained,Nan,0.0,0.0,Uncapped,Kolkata Knight Riders
Vaibhav Arora,Retained,Nan,0.0,0.0,Uncapped,Kolkata Knight Riders
Varun Chakaravarthy,Retained,Nan,0.0,0.0,Uncapped,Kolkata Knight Riders
Harshal Patel,20000000,All-Rounder,11.75,1410.0,RCB,Punjab Kings
Rilee Rossouw,20000000,Batter,8.0,960.0,DC,Punjab Kings
Chris Woakes,20000000,All-Rounder,4.2,504.0,Uncapped,Punjab Kings
Ashutosh Sharma,2000000,All-Rounder,0.2,24.0,Uncapped,Punjab Kings
Vishwanath Pratap Singh,2000000,All-Rounder,0.2,24.0,Uncapped,Punjab Kings
Shashank Singh,2000000,All-Rounder,0.2,24.0,Uncapped,Punjab Kings
Tanay Thyagarajann,2000000,All-Rounder,0.2,24.0,Uncapped,Punjab Kings
Prince Choudhary,2000000,Bowler,0.2,24.0,Uncapped,Punjab Kings
Shikhar Dhawan,Retained,Nan,0.0,0.0,Uncapped,Punjab Kings
Liam Livingstone,Retained,Nan,0.0,0.0,Uncapped,Punjab Kings
Jonny Bairstow,Retained,Nan,0.0,0.0,Uncapped,Punjab Kings
Gurnoor Singh Brar,Retained,Nan,0.0,0.0,Uncapped,Punjab Kings
Jitesh Sharma,Retained,Nan,0.0,0.0,Uncapped,Punjab Kings
Shivam Singh,Retained,Nan,0.0,0.0,Uncapped,Punjab Kings
Rahul Chahar,Retained,Nan,0.0,0.0,Uncapped,Punjab Kings
Prabhsimran Singh,Retained,Nan,0.0,0.0,Uncapped,Punjab Kings
Matthew Short,Retained,Nan,0.0,0.0,Uncapped,Punjab Kings
Arshdeep Singh,Retained,Nan,0.0,0.0,Uncapped,Punjab Kings
Harpreet Bhatia,Retained,Nan,0.0,0.0,Uncapped,Punjab Kings
Harpreet Brar,Retained,Nan,0.0,0.0,Uncapped,Punjab Kings
Atharva Taide,Retained,Nan,0.0,0.0,Uncapped,Punjab Kings
Vidwath Kaverappa,Retained,Nan,0.0,0.0,Uncapped,Punjab Kings
Rishi Dhawan,Retained,Nan,0.0,0.0,Uncapped,Punjab Kings
Kagiso Rabada,Retained,Nan,0.0,0.0,Uncapped,Punjab Kings
Sam Curran,Retained,Nan,0.0,0.0,Uncapped,Punjab Kings
Nathan Ellis,Retained,Nan,0.0,0.0,Uncapped,Punjab Kings
Sikandar Raza,Retained,Nan,0.0,0.0,Uncapped,Punjab Kings
Devdutt Padikkal,Traded,Nan,0.0,0.0,Uncapped,Lucknow Super Giants
Shivam Mavi,5000000,Bowler,6.4,768.0,GT,Lucknow Super Giants
M. Siddharth,2000000,Bowler,2.4,288.0,Uncapped,Lucknow Super Giants
David Willey,20000000,All-Rounder,2.0,240.0,RCB,Lucknow Super Giants
Ashton Turner,10000000,Batter,1.0,120.0,Uncapped,Lucknow Super Giants
Mohd. Arshad Khan,2000000,All-Rounder,0.2,24.0,MI,Lucknow Super Giants
Arshin Kulkarni,2000000,All-Rounder,0.2,24.0,Uncapped,Lucknow Super Giants
KL Rahul,Retained,Nan,0.0,0.0,Uncapped,Lucknow Super Giants
Quinton de Kock,Retained,Nan,0.0,0.0,Uncapped,Lucknow Super Giants
Nicholas Pooran,Retained,Nan,0.0,0.0,Uncapped,Lucknow Super Giants
Ayush Badoni,Retained,Nan,0.0,0.0,Uncapped,Lucknow Super Giants
Kyle Mayers,Retained,Nan,0.0,0.0,Uncapped,Lucknow Super Giants
Marcus Stoinis,Retained,Nan,0.0,0.0,Uncapped,Lucknow Super Giants
Deepak Hooda,Retained,Nan,0.0,0.0,Uncapped,Lucknow Super Giants
Ravi Bishnoi,Retained,Nan,0.0,0.0,Uncapped,Lucknow Super Giants
Naveen-ul-Haq,Retained,Nan,0.0,0.0,Uncapped,Lucknow Super Giants
Krunal Pandya,Retained,Nan,0.0,0.0,Uncapped,Lucknow Super Giants
Yudhvir Singh,Retained,Nan,0.0,0.0,Uncapped,Lucknow Super Giants
Prerak Mankad,Retained,Nan,0.0,0.0,Uncapped,Lucknow Super Giants
Yash Thakur,Retained,Nan,0.0,0.0,Uncapped,Lucknow Super Giants
Amit Mishra,Retained,Nan,0.0,0.0,Uncapped,Lucknow Super Giants
Mark Wood,Retained,Nan,0.0,0.0,Uncapped,Lucknow Super Giants
Mayank Yadav,Retained,Nan,0.0,0.0,Uncapped,Lucknow Super Giants
Mohsin Khan,Retained,Nan,0.0,0.0,Uncapped,Lucknow Super Giants
Hardik Pandya,Traded,Nan,0.0,0.0,Uncapped,Mumbai Indians
Romario Shepherd,Traded,Nan,0.0,0.0,Uncapped,Mumbai Indians
Gerald Coetzee,20000000,All-Rounder,5.0,600.0,Uncapped,Mumbai Indians
Nuwan Thushara,5000000,Bowler,4.8,576.0,Uncapped,Mumbai Indians
Mohammad Nabi,15000000,All-Rounder,1.5,180.0,Uncapped,Mumbai Indians
Shreyas Gopal,2000000,Bowler,0.2,24.0,Uncapped,Mumbai Indians
Naman Dhir,2000000,All-Rounder,0.2,24.0,Uncapped,Mumbai Indians
Anshul Kamboj,2000000,All-Rounder,0.2,24.0,Uncapped,Mumbai Indians
Shivalik Sharma,2000000,All-Rounder,0.2,24.0,Uncapped,Mumbai Indians
Dilshan Madushanka,5000000,Bowler,4.6,0.0,Uncapped,Mumbai Indians
Rohit Sharma,Retained,Nan,0.0,0.0,Uncapped,Mumbai Indians
Dewald Brevis,Retained,Nan,0.0,0.0,Uncapped,Mumbai Indians
Suryakumar Yadav,Retained,Nan,0.0,0.0,Uncapped,Mumbai Indians
Ishan Kishan,Retained,Nan,0.0,0.0,Uncapped,Mumbai Indians
Tilak Varma,Retained,Nan,0.0,0.0,Uncapped,Mumbai Indians
Tim David,Retained,Nan,0.0,0.0,Uncapped,Mumbai Indians
Vishnu Vinod,Retained,Nan,0.0,0.0,Uncapped,Mumbai Indians
Arjun Tendulkar,Retained,Nan,0.0,0.0,Uncapped,Mumbai Indians
Cameron Green,Traded,Nan,0.0,0.0,Uncapped,Mumbai Indians
Shams Mulani,Retained,Nan,0.0,0.0,Uncapped,Mumbai Indians
Nehal Wadhera,Retained,Nan,0.0,0.0,Uncapped,Mumbai Indians
Jasprit Bumrah,Retained,Nan,0.0,0.0,Uncapped,Mumbai Indians
Kumar Kartikeya,Retained,Nan,0.0,0.0,Uncapped,Mumbai Indians
Piyush Chawla,Retained,Nan,0.0,0.0,Uncapped,Mumbai Indians
Akash Madhwal,Retained,Nan,0.0,0.0,Uncapped,Mumbai Indians
Jason Behrendorff,Retained,Nan,0.0,0.0,Uncapped,Mumbai Indians
Mayank Dagar,Traded,Nan,0.0,0.0,Uncapped,Royal Challengers Bengaluru
Cameron Green,Traded,Nan,0.0,0.0,Uncapped,Royal Challengers Bengaluru
Alzarri Joseph,10000000,Bowler,11.5,1380.0,GT,Royal Challengers Bengaluru
Yash Dayal,2000000,Bowler,5.0,600.0,GT,Royal Challengers Bengaluru
Lockie Ferguson,20000000,Bowler,2.0,240.0,KKR,Royal Challengers Bengaluru
Tom Curran,15000000,All-Rounder,1.5,180.0,Uncapped,Royal Challengers Bengaluru
Saurav Chuahan,2000000,Batter,0.2,24.0,Uncapped,Royal Challengers Bengaluru
Swapnil Singh,2000000,All-Rounder,0.2,24.0,LSG,Royal Challengers Bengaluru
Faf du Plessis,Retained,Nan,0.0,0.0,Uncapped,Royal Challengers Bengaluru
Glenn Maxwell,Retained,Nan,0.0,0.0,Uncapped,Royal Challengers Bengaluru
Virat Kohli,Retained,Nan,0.0,0.0,Uncapped,Royal Challengers Bengaluru
Rajat Patidar,Retained,Nan,0.0,0.0,Uncapped,Royal Challengers Bengaluru
Anuj Rawat,Retained,Nan,0.0,0.0,Uncapped,Royal Challengers Bengaluru
Dinesh Karthik,Retained,Nan,0.0,0.0,Uncapped,Royal Challengers Bengaluru
Suyash Prabhudessai,Retained,Nan,0.0,0.0,Uncapped,Royal Challengers Bengaluru
Will Jacks,Retained,Nan,0.0,0.0,Uncapped,Royal Challengers Bengaluru
Mahipal Lomror,Retained,Nan,0.0,0.0,Uncapped,Royal Challengers Bengaluru
Karn Sharma,Retained,Nan,0.0,0.0,Uncapped,Royal Challengers Bengaluru
Manoj Bhandage,Retained,Nan,0.0,0.0,Uncapped,Royal Challengers Bengaluru
Vyshak Vijaykumar,Retained,Nan,0.0,0.0,Uncapped,Royal Challengers Bengaluru
Akash Deep,Retained,Nan,0.0,0.0,Uncapped,Royal Challengers Bengaluru
Mohammed Siraj,Retained,Nan,0.0,0.0,Uncapped,Royal Challengers Bengaluru
Reece Topley,Retained,Nan,0.0,0.0,Uncapped,Royal Challengers Bengaluru
Himanshu Sharma,Retained,Nan,0.0,0.0,Uncapped,Royal Challengers Bengaluru
Rajan Kumar,Retained,Nan,0.0,0.0,Uncapped,Royal Challengers Bengaluru
Avesh Khan,Traded,Nan,0.0,0.0,Uncapped,Rajasthan Royals
Rovman Powell,10000000,Batter,7.4,888.0,DC,Rajasthan Royals
Shubham Dubey,2000000,Batter,5.8,696.0,Uncapped,Rajasthan Royals
Nandre Burger,5000000,Bowler,0.5,60.0,Uncapped,Rajasthan Royals
Tom Kohler-Cadmore,4000000,Wicketkeeper,0.4,48.0,Uncapped,Rajasthan Royals
Abid Mushtaq,2000000,All-Rounder,0.2,24.0,Uncapped,Rajasthan Royals
Sanju Samson,Retained,Nan,0.0,0.0,Uncapped,Rajasthan Royals
Jos Buttler,Retained,Nan,0.0,0.0,Uncapped,Rajasthan Royals
Shimron Hetmyer,Retained,Nan,0.0,0.0,Uncapped,Rajasthan Royals
Yashasvi Jaiswal,Retained,Nan,0.0,0.0,Uncapped,Rajasthan Royals
Dhruv Jurel,Retained,Nan,0.0,0.0,Uncapped,Rajasthan Royals
Riyan Parag,Retained,Nan,0.0,0.0,Uncapped,Rajasthan Royals
Donovan Ferreira,Retained,Nan,0.0,0.0,Uncapped,Rajasthan Royals
Kunal Rathore,Retained,Nan,0.0,0.0,Uncapped,Rajasthan Royals
Ravichandran Ashwin,Retained,Nan,0.0,0.0,Uncapped,Rajasthan Royals
Kuldeep Sen,Retained,Nan,0.0,0.0,Uncapped,Rajasthan Royals
Navdeep Saini,Retained,Nan,0.0,0.0,Uncapped,Rajasthan Royals
Prasidh Krishna,Retained,Nan,0.0,0.0,Uncapped,Rajasthan Royals
Sandeep Sharma,Retained,Nan,0.0,0.0,Uncapped,Rajasthan Royals
Trent Boult,Retained,Nan,0.0,0.0,Uncapped,Rajasthan Royals
Yuzvendra Chahal,Retained,Nan,0.0,0.0,Uncapped,Rajasthan Royals
Adam Zampa,Retained,Nan,0.0,0.0,Uncapped,Rajasthan Royals
Shahbaz Ahmed,Traded,Nan,0.0,0.0,Uncapped,Sunrisers Hyderabad
Pat Cummins,20000000,All-Rounder,20.5,2460.0,Uncapped,Sunrisers Hyderabad
Travis Head,20000000,Batter,6.8,816.0,Uncapped,Sunrisers Hyderabad
Jaydev Unadkat,5000000,Bowler,1.6,192.0,LSG,Sunrisers Hyderabad
Wanindu Hasaranga,15000000,All-Rounder,1.5,180.0,RCB,Sunrisers Hyderabad
Akash Singh,2000000,Bowler,0.2,24.0,CSK,Sunrisers Hyderabad
Jhathavedh Subramanyan,2000000,Bowler,0.2,24.0,Uncapped,Sunrisers Hyderabad
Abdul Samad,Retained,Nan,0.0,0.0,Uncapped,Sunrisers Hyderabad
Aiden Markram,Retained,Nan,0.0,0.0,Uncapped,Sunrisers Hyderabad
Rahul Tripathi,Retained,Nan,0.0,0.0,Uncapped,Sunrisers Hyderabad
Glenn Phillips,Retained,Nan,0.0,0.0,Uncapped,Sunrisers Hyderabad
Heinrich Klaasen,Retained,Nan,0.0,0.0,Uncapped,Sunrisers Hyderabad
Mayank Agarwal,Retained,Nan,0.0,0.0,Uncapped,Sunrisers Hyderabad
Anmolpreet Singh,Retained,Nan,0.0,0.0,Uncapped,Sunrisers Hyderabad
Upendra Singh Yadav,Retained,Nan,0.0,0.0,Uncapped,Sunrisers Hyderabad
Nitish Kumar Reddy,Retained,Nan,0.0,0.0,Uncapped,Sunrisers Hyderabad
Abhishek Sharma,Retained,Nan,0.0,0.0,Uncapped,Sunrisers Hyderabad
Marco Jansen,Retained,Nan,0.0,0.0,Uncapped,Sunrisers Hyderabad
Washington Sundar,Retained,Nan,0.0,0.0,Uncapped,Sunrisers Hyderabad
Sanvir Singh,Retained,Nan,0.0,0.0,Uncapped,Sunrisers Hyderabad
Bhuvneshwar Kumar,Retained,Nan,0.0,0.0,Uncapped,Sunrisers Hyderabad
T Natarajan,Retained,Nan,0.0,0.0,Uncapped,Sunrisers Hyderabad
Mayank Markande,Retained,Nan,0.0,0.0,Uncapped,Sunrisers Hyderabad
Umran Malik,Retained,Nan,0.0,0.0,Uncapped,Sunrisers Hyderabad
Fazalhaq Farooqi,Retained,Nan,0.0,0.0,Uncapped,Sunrisers Hyderabad
Karun Nair,5000000,Batter,0.0,0.0,LSG,Unsold
Steve Smith,20000000,Batter,0.0,0.0,Uncapped,Unsold
Josh Inglis,20000000,Wicketkeeper,0.0,0.0,Uncapped,Unsold
Kusal Mendis,5000000,Wicketkeeper,0.0,0.0,Uncapped,Unsold
Philip Salt,15000000,Wicketkeeper,0.0,0.0,DC,Unsold
Josh Hazlewood,20000000,Bowler,0.0,0.0,RCB,Unsold
Akeal Hosein,5000000,Bowler,0.0,0.0,SRH,Unsold
Adil Rashid,20000000,Bowler,0.0,0.0,SRH,Unsold
Mohammad Waqar Salamkheil,5000000,Bowler,0.0,0.0,Uncapped,Unsold
Tabraiz Shamsi,5000000,Bowler,0.0,0.0,Uncapped,Unsold
Ish Sodhi,7500000,Bowler,0.0,0.0,Uncapped,Unsold
Priyansh Arya,2000000,Batter,0.0,0.0,Uncapped,Unsold
Rohan Kunnummal,2000000,Batter,0.0,0.0,Uncapped,Unsold
Manan Vohra,2000000,Batter,0.0,0.0,LSG,Unsold
Raj Angad Bawa,2000000,All-Rounder,0.0,0.0,PBKS,Unsold
Sarfaraz Khan,2000000,All-Rounder,0.0,0.0,DC,Unsold
Vivrant Sharma,2000000,All-Rounder,0.0,0.0,SRH,Unsold
Atit Sheth,2000000,All-Rounder,0.0,0.0,Uncapped,Unsold
Hrithik Shokeen,2000000,All-Rounder,0.0,0.0,MI,Unsold
Urvil Patel,2000000,Wicketkeeper,0.0,0.0,GT,Unsold
Vishnu Solanki,2000000,Wicketkeeper,0.0,0.0,Uncapped,Unsold
Ishan Porel,2000000,Bowler,0.0,0.0,Uncapped,Unsold
Kuldip Yadav,2000000,Bowler,0.0,0.0,RR,Unsold
Murgan Ashwin,2000000,Bowler,0.0,0.0,RR,Unsold
Pulkit Narang,2000000,Bowler,0.0,0.0,Uncapped,Unsold
Shiva Singh,2000000,Bowler,0.0,0.0,Uncapped,Unsold
Finn Allen,7500000,Batter,0.0,0.0,RCB,Unsold
Alick Athanaze,5000000,Batter,0.0,0.0,Uncapped,Unsold
Mark Chapman,5000000,Batter,0.0,0.0,Uncapped,Unsold
Samuel Hain,5000000,Batter,0.0,0.0,Uncapped,Unsold
Reeza Hendricks,5000000,Batter,0.0,0.0,Uncapped,Unsold
Brandon King,5000000,Batter,0.0,0.0,Uncapped,Unsold
Colin Munro,15000000,Batter,0.0,0.0,Uncapped,Unsold
Rassie Van Der Dussen,20000000,Batter,0.0,0.0,Uncapped,Unsold
James Vince,20000000,Batter,0.0,0.0,Uncapped,Unsold
Ibrahim Zadran,5000000,Batter,0.0,0.0,Uncapped,Unsold
Najibullah Zadran,5000000,Batter,0.0,0.0,Uncapped,Unsold
Sean Abbott,20000000,All-Rounder,0.0,0.0,Uncapped,Unsold
Ashton Agar,10000000,All-Rounder,0.0,0.0,Uncapped,Unsold
Wesley Agar,5000000,All-Rounder,0.0,0.0,Uncapped,Unsold
Qais Ahamad,5000000,All-Rounder,0.0,0.0,Uncapped,Unsold
Rehan Ahmed,5000000,All-Rounder,0.0,0.0,Uncapped,Unsold
Fabian Allen,7500000,All-Rounder,0.0,0.0,Uncapped,Unsold
Charith Asalanka,5000000,All-Rounder,0.0,0.0,Uncapped,Unsold
Michael Bracewell,10000000,All-Rounder,0.0,0.0,RCB,Unsold
Brydon Carse,5000000,All-Rounder,0.0,0.0,Uncapped,Unsold
Ben Cutting,5000000,All-Rounder,0.0,0.0,Uncapped,Unsold
Matthew Forde,5000000,All-Rounder,0.0,0.0,Uncapped,Unsold
George Garton,5000000,All-Rounder,0.0,0.0,Uncapped,Unsold
Jason Holder,15000000,All-Rounder,0.0,0.0,RR,Unsold
George Linde,5000000,All-Rounder,0.0,0.0,Uncapped,Unsold
Keshav Maharaj,5000000,All-Rounder,0.0,0.0,Uncapped,Unsold
Wiaan Mulder,5000000,All-Rounder,0.0,0.0,Uncapped,Unsold
James Neesham,15000000,All-Rounder,0.0,0.0,Uncapped,Unsold
Jamie Overton,20000000,All-Rounder,0.0,0.0,Uncapped,Unsold
Keemo Paul,7500000,All-Rounder,0.0,0.0,Uncapped,Unsold
Dwaine Pretorius,10000000,All-Rounder,0.0,0.0,CSK,Unsold
Daniel Sams,15000000,All-Rounder,0.0,0.0,LSG,Unsold
Dasun Shanaka,5000000,All-Rounder,0.0,0.0,GT,Unsold
Matthew Short,5000000,All-Rounder,0.0,0.0,Uncapped,Unsold
Odean Smith,5000000,All-Rounder,0.0,0.0,GT,Unsold
Hanuma Vihari,5000000,All-Rounder,0.0,0.0,Uncapped,Unsold
Sam Billings,10000000,Wicketkeeper,0.0,0.0,Uncapped,Unsold
Johnson Charles,5000000,Wicketkeeper,0.0,0.0,Uncapped,Unsold
Ben Duckett,20000000,Wicketkeeper,0.0,0.0,Uncapped,Unsold
Varun Aaron,5000000,Bowler,0.0,0.0,Uncapped,Unsold
Fareed Ahmad,5000000,Bowler,0.0,0.0,Uncapped,Unsold
Taskin Ahmed,7500000,Bowler,0.0,0.0,Uncapped,Unsold
Dushmanta Chameera,5000000,Bowler,0.0,0.0,Uncapped,Unsold
Ben Dwarshuis,5000000,Bowler,0.0,0.0,Uncapped,Unsold
Richard Gleeson,5000000,Bowler,0.0,0.0,Uncapped,Unsold
Matt Henry,7500000,Bowler,0.0,0.0,Uncapped,Unsold
Md Shoriful Islam,5000000,Bowler,0.0,0.0,Uncapped,Unsold
Kyle Jamieson,10000000,Bowler,0.0,0.0,CSK,Unsold
Chris Jordan,15000000,Bowler,0.0,0.0,MI,Unsold
Siddharth Kaul,5000000,Bowler,0.0,0.0,RCB,Unsold
Lahiru Kumara,5000000,Bowler,0.0,0.0,Uncapped,Unsold
Obed Mccoy,5000000,Bowler,0.0,0.0,RR,Unsold
Riley Meredith,10000000,Bowler,0.0,0.0,MI,Unsold
Tymal Mills,15000000,Bowler,0.0,0.0,Uncapped,Unsold
Adam Milne,10000000,Bowler,0.0,0.0,CSK,Unsold
Lance Morris,7500000,Bowler,0.0,0.0,Uncapped,Unsold
Blessing Muzarabani,5000000,Bowler,0.0,0.0,Uncapped,Unsold
Richard Ngarava,5000000,Bowler,0.0,0.0,Uncapped,Unsold
Wayne Parnell,10000000,Bowler,0.0,0.0,RCB,Unsold
Ollie Robinson,7500000,Bowler,0.0,0.0,Uncapped,Unsold
George Scrimshaw,5000000,Bowler,0.0,0.0,Uncapped,Unsold
Tim Southee,15000000,Bowler,0.0,0.0,KKR,Unsold
Barinder Sran,5000000,Bowler,0.0,0.0,Uncapped,Unsold
Billy Stanlake,7500000,Bowler,0.0,0.0,Uncapped,Unsold
Olly Stone,7500000,Bowler,0.0,0.0,Uncapped,Unsold
Oshane Thomas,5000000,Bowler,0.0,0.0,Uncapped,Unsold
Sandeep Warrier,5000000,Bowler,0.0,0.0,MI,Unsold
Lizaad Williams,5000000,Bowler,0.0,0.0,Uncapped,Unsold
Luke Wood,5000000,Bowler,0.0,0.0,Uncapped,Unsold
Dinesh Bana,2000000,Batter,0.0,0.0,Uncapped,Unsold
Rajat Dey,2000000,Batter,0.0,0.0,Uncapped,Unsold
Abhimanyu Easwaran,2000000,Batter,0.0,0.0,Uncapped,Unsold
Rithik Easwaran,2000000,Batter,0.0,0.0,Uncapped,Unsold
Chirag Gandhi,2000000,Batter,0.0,0.0,Uncapped,Unsold
Nikhil Gangta,2000000,Batter,0.0,0.0,Uncapped,Unsold
Sudip Gharami,2000000,Batter,0.0,0.0,Uncapped,Unsold
Ansh Gosai,2000000,Batter,0.0,0.0,Uncapped,Unsold
Azim Kazi,2000000,Batter,0.0,0.0,Uncapped,Unsold
Amandeep Khare,2000000,Batter,0.0,0.0,Uncapped,Unsold
Ankit Kumar,2000000,Batter,0.0,0.0,Uncapped,Unsold
Bhupen Lalwani,2000000,Batter,0.0,0.0,Uncapped,Unsold
Pukhraj Mann,2000000,Batter,0.0,0.0,Uncapped,Unsold
Tanmay Mishra,2000000,Batter,0.0,0.0,Uncapped,Unsold
Salman Nizar,2000000,Batter,0.0,0.0,Uncapped,Unsold
Priyank Panchal,2000000,Batter,0.0,0.0,Uncapped,Unsold
Akshat Raghuwanshi,2000000,Batter,0.0,0.0,Uncapped,Unsold
Ekant Sen,2000000,Batter,0.0,0.0,Uncapped,Unsold
Subhranshu Senapati,2000000,Batter,0.0,0.0,CSK,Unsold
Naushad Shaikh,2000000,Batter,0.0,0.0,Uncapped,Unsold
Dhruv Shorey,2000000,Batter,0.0,0.0,Uncapped,Unsold
Himmat Singh,2000000,Batter,0.0,0.0,Uncapped,Unsold
Virat Singh,2000000,Batter,0.0,0.0,Uncapped,Unsold
Shashank Singh,2000000,Batter,0.0,0.0,Uncapped,Unsold
Sumeet Verma,2000000,Batter,0.0,0.0,Uncapped,Unsold
P.A. Abdul,2000000,All-Rounder,0.0,0.0,RR,Unsold
Murugan Abhishek,2000000,All-Rounder,0.0,0.0,Uncapped,Unsold
Atharva Ankolekar,2000000,All-Rounder,0.0,0.0,Uncapped,Unsold
Baba Aparajith,2000000,All-Rounder,0.0,0.0,Uncapped,Unsold
Jass Inder Baidwan,2000000,All-Rounder,0.0,0.0,Uncapped,Unsold
Corbin Bosch,3000000,All-Rounder,0.0,0.0,Uncapped,Unsold
Rahul Buddhi,2000000,All-Rounder,0.0,0.0,Uncapped,Unsold
Vaisakh Chandran,2000000,All-Rounder,0.0,0.0,Uncapped,Unsold
Writtick Chatterjee,2000000,All-Rounder,0.0,0.0,Uncapped,Unsold
Raj Chaudhary,2000000,All-Rounder,0.0,0.0,Uncapped,Unsold
Ravi Chauhan,2000000,All-Rounder,0.0,0.0,Uncapped,Unsold
Ashwin Das,2000000,All-Rounder,0.0,0.0,Uncapped,Unsold
Aarya Desai,2000000,All-Rounder,0.0,0.0,KKR,Unsold
Vineet Dhankhar,2000000,All-Rounder,0.0,0.0,Uncapped,Unsold
Harsh Dubey,2000000,All-Rounder,0.0,0.0,Uncapped,Unsold
Prerit Dutta,2000000,All-Rounder,0.0,0.0,Uncapped,Unsold
Jake Fraser-Mcgurk,2000000,All-Rounder,0.0,0.0,Uncapped,Unsold
Shubhang Hegde,2000000,All-Rounder,0.0,0.0,Uncapped,Unsold
Benny Howell,4000000,All-Rounder,0.0,0.0,Uncapped,Unsold
Saransh Jain,2000000,All-Rounder,0.0,0.0,Uncapped,Unsold
Duan Jansen,2000000,All-Rounder,0.0,0.0,MI,Unsold
Mohammad Kaif,2000000,All-Rounder,0.0,0.0,Uncapped,Unsold
Aman Khan,2000000,All-Rounder,0.0,0.0,DC,Unsold
Mohd Arslan Khan,2000000,All-Rounder,0.0,0.0,Uncapped,Unsold
Musheer Khan,2000000,All-Rounder,0.0,0.0,Uncapped,Unsold
Tanush Kotian,2000000,All-Rounder,0.0,0.0,Uncapped,Unsold
Manvanth Kumar,2000000,All-Rounder,0.0,0.0,Uncapped,Unsold
Saurabh Kumar,2000000,All-Rounder,0.0,0.0,Uncapped,Unsold
Dev Lakra,2000000,All-Rounder,0.0,0.0,Uncapped,Unsold
Nasir Lone,2000000,All-Rounder,0.0,0.0,Uncapped,Unsold
Kaushik Maity,2000000,All-Rounder,0.0,0.0,Uncapped,Unsold
Divij Mehra,2000000,All-Rounder,0.0,0.0,Uncapped,Unsold
Mani Sankar Mura Singh,2000000,All-Rounder,0.0,0.0,Uncapped,Unsold
Kamlesh Nagarkoti,3000000,All-Rounder,0.0,0.0,DC,Unsold
Sanjay Pahal,2000000,All-Rounder,0.0,0.0,Uncapped,Unsold
Jitender Pal,2000000,All-Rounder,0.0,0.0,Uncapped,Unsold
Saumy Pandey,2000000,All-Rounder,0.0,0.0,Uncapped,Unsold
Ansh Patel,2000000,All-Rounder,0.0,0.0,Uncapped,Unsold
Sairaj Patil,2000000,All-Rounder,0.0,0.0,Uncapped,Unsold
Pradosh Paul,2000000,All-Rounder,0.0,0.0,Uncapped,Unsold
Shubham Singh Pundir,2000000,All-Rounder,0.0,0.0,Uncapped,Unsold
Atal Rai,2000000,All-Rounder,0.0,0.0,Uncapped,Unsold
Abhimanyusingh Rajput,2000000,All-Rounder,0.0,0.0,Uncapped,Unsold
Mohit Rathee,2000000,All-Rounder,0.0,0.0,PBKS,Unsold
Ninad Rathva,2000000,All-Rounder,0.0,0.0,Uncapped,Unsold
Rohit Rayudu,2000000,All-Rounder,0.0,0.0,Uncapped,Unsold
Aniketh Reddy,2000000,All-Rounder,0.0,0.0,Uncapped,Unsold
Mohit Redkar,2000000,All-Rounder,0.0,0.0,Uncapped,Unsold
Jalaj Saxena,4000000,All-Rounder,0.0,0.0,Uncapped,Unsold
Akash Sengupta,2000000,All-Rounder,0.0,0.0,Uncapped,Unsold
Suryansh Shedge,2000000,All-Rounder,0.0,0.0,Uncapped,Unsold
Aradhya Shukla,2000000,All-Rounder,0.0,0.0,Uncapped,Unsold
Utkarsh Singh,2000000,All-Rounder,0.0,0.0,Uncapped,Unsold
Prenelan Subrayen,2000000,All-Rounder,0.0,0.0,Uncapped,Unsold
Ravi Teja,2000000,All-Rounder,0.0,0.0,Uncapped,Unsold
Akash Vashisht,2000000,All-Rounder,0.0,0.0,Uncapped,Unsold
David Wiese,10000000,All-Rounder,0.0,0.0,KKR,Unsold
Mohit Ahlawat,2000000,Wicketkeeper,0.0,0.0,Uncapped,Unsold
G. Ajitesh,2000000,Wicketkeeper,0.0,0.0,Uncapped,Unsold
L.R. Chethan,2000000,Wicketkeeper,0.0,0.0,Uncapped,Unsold
Gourav Choudhary,2000000,Wicketkeeper,0.0,0.0,Uncapped,Unsold
Harvik Desai,2000000,Wicketkeeper,0.0,0.0,Uncapped,Unsold
Shakir Gandhi,2000000,Wicketkeeper,0.0,0.0,Uncapped,Unsold
Sumit Ghadigaonkar,2000000,Wicketkeeper,0.0,0.0,Uncapped,Unsold
Baba Indrajith,2000000,Wicketkeeper,0.0,0.0,Uncapped,Unsold
Bhagmender Lather,2000000,Wicketkeeper,0.0,0.0,Uncapped,Unsold
Anmol Malhotra,2000000,Wicketkeeper,0.0,0.0,Uncapped,Unsold
Darshan Misal,2000000,Wicketkeeper,0.0,0.0,Uncapped,Unsold
Nikhil Naik,2000000,Wicketkeeper,0.0,0.0,Uncapped,Unsold
Prasad Pawar,2000000,Wicketkeeper,0.0,0.0,Uncapped,Unsold
Mahesh Pithiya,2000000,Wicketkeeper,0.0,0.0,Uncapped,Unsold
William Salzmann,2000000,Wicketkeeper,0.0,0.0,Uncapped,Unsold
Bipin Saurabh,2000000,Wicketkeeper,0.0,0.0,Uncapped,Unsold
B.R. Sharath,2000000,Wicketkeeper,0.0,0.0,Uncapped,Unsold
K.L. Shrijith,2000000,Wicketkeeper,0.0,0.0,Uncapped,Unsold
Avneesh Sudha,2000000,Wicketkeeper,0.0,0.0,Uncapped,Unsold
Aditya Tare,2000000,Wicketkeeper,0.0,0.0,Uncapped,Unsold
Nihal Ullal,2000000,Wicketkeeper,0.0,0.0,Uncapped,Unsold
K.M Asif,2000000,Bowler,0.0,0.0,RR,Unsold
Mohit Avasthi,2000000,Bowler,0.0,0.0,Uncapped,Unsold
Ottneil Baartman,2000000,Bowler,0.0,0.0,Uncapped,Unsold
Basit Bashir,2000000,Bowler,0.0,0.0,Uncapped,Unsold
Waseem Bashir,2000000,Bowler,0.0,0.0,Uncapped,Unsold
Sachin Bhosale,2000000,Bowler,0.0,0.0,Uncapped,Unsold
Devendra Singh Bora,2000000,Bowler,0.0,0.0,Uncapped,Unsold
Gurnoor Singh Brar,2000000,Bowler,0.0,0.0,PBKS,Unsold
Saurabh Dubey,2000000,Bowler,0.0,0.0,Uncapped,Unsold
Mrinmoy Dutta,2000000,Bowler,0.0,0.0,Uncapped,Unsold
Vishal Godara,2000000,Bowler,0.0,0.0,Uncapped,Unsold
Money Grewal,2000000,Bowler,0.0,0.0,Uncapped,Unsold
Arpit Guleria,2000000,Bowler,0.0,0.0,LSG,Unsold
Mukhtar Hussain,2000000,Bowler,0.0,0.0,Uncapped,Unsold
Shamar Joseph,2000000,Bowler,0.0,0.0,Uncapped,Unsold
Mohammed Kaif,2000000,Bowler,0.0,0.0,Uncapped,Unsold
Shubham Kapse,2000000,Bowler,0.0,0.0,Uncapped,Unsold
Devang Karamta,2000000,Bowler,0.0,0.0,Uncapped,Unsold
Kulwant Khejroliya,2000000,Bowler,0.0,0.0,KKR,Unsold
Ravi Kumar,2000000,Bowler,0.0,0.0,Uncapped,Unsold
Ashwani Kumar,2000000,Bowler,0.0,0.0,Uncapped,Unsold
Raj Limbani,2000000,Bowler,0.0,0.0,Uncapped,Unsold
Kwena Maphaka,2000000,Bowler,0.0,0.0,Uncapped,Unsold
Lukman Hussain Meriwala,2000000,Bowler,0.0,0.0,Uncapped,Unsold
Venkatesh Muralidhara,2000000,Bowler,0.0,0.0,Uncapped,Unsold
William O'Rourke,2000000,Bowler,0.0,0.0,Uncapped,Unsold
Rakshan Readdi,2000000,Bowler,0.0,0.0,Uncapped,Unsold
Manish Reddy,2000000,Bowler,0.0,0.0,Uncapped,Unsold
Monish Reddy,2000000,Bowler,0.0,0.0,Uncapped,Unsold
Akhin Sathar,2000000,Bowler,0.0,0.0,Uncapped,Unsold
Divesh Sharma,2000000,Bowler,0.0,0.0,Uncapped,Unsold
Ashok Sharma,2000000,Bowler,0.0,0.0,Uncapped,Unsold
Abhilash Shetty,2000000,Bowler,0.0,0.0,Uncapped,Unsold
Rahul Shukla,2000000,Bowler,0.0,0.0,Uncapped,Unsold
Manit Singh,2000000,Bowler,0.0,0.0,Uncapped,Unsold
Gurjapneet Singh,2000000,Bowler,0.0,0.0,Uncapped,Unsold
Basil Thampi,3000000,Bowler,0.0,0.0,Uncapped,Unsold
Paul Van Meekeren,2000000,Bowler,0.0,0.0,Uncapped,Unsold
Nitin Verma,2000000,Bowler,0.0,0.0,Uncapped,Unsold
Chris Wood,2000000,Bowler,0.0,0.0,Uncapped,Unsold
Gourav Yadav,2000000,Bowler,0.0,0.0,Uncapped,Unsold
Lalit Yadav,3000000,Bowler,0.0,0.0,Uncapped,Unsold
Prithvi Raj Yarra,2000000,Bowler,0.0,0.0,Uncapped,Unsold
Mujtaba Yousuf,2000000,Bowler,0.0,0.0,Uncapped,Unsold
Shubham Agrawal,2000000,Bowler,0.0,0.0,Uncapped,Unsold
Mustaq Beg,2000000,Bowler,0.0,0.0,Uncapped,Unsold
K.C Cariappa,2000000,Bowler,0.0,0.0,RR,Unsold
Ganesh Chaudhary,2000000,Bowler,0.0,0.0,Uncapped,Unsold
Yuvraj Chudasama,2000000,Bowler,0.0,0.0,Uncapped,Unsold
Jasmer Dhankhar,2000000,Bowler,0.0,0.0,Uncapped,Unsold
Chintal Gandhi,2000000,Bowler,0.0,0.0,Uncapped,Unsold
Allah Ghazanfar,2000000,Bowler,0.0,0.0,Uncapped,Unsold
Raghav Goyal,2000000,Bowler,0.0,0.0,MI,Unsold
Shreyas Gurav,2000000,Bowler,0.0,0.0,Uncapped,Unsold
Vishu Kashyap,2000000,Bowler,0.0,0.0,Uncapped,Unsold
S Midhun,3000000,Bowler,0.0,0.0,Uncapped,Unsold
Izharulhuq Naveed,3000000,Bowler,0.0,0.0,Uncapped,Unsold
Bhuwan Rohilla,2000000,Bowler,0.0,0.0,Uncapped,Unsold
Shivam Sharma,2000000,Bowler,0.0,0.0,Uncapped,Unsold
Digvesh Singh,2000000,Bowler,0.0,0.0,Uncapped,Unsold
Jagadeesha Suchith,2000000,Bowler,0.0,0.0,Uncapped,Unsold
B. Surya,2000000,Bowler,0.0,0.0,Uncapped,Unsold
Pankaj Yadav,2000000,Bowler,0.0,0.0,Uncapped,Unsold
Rohit Sharma,Retained,Nan,0.0,0.0,Uncapped,Unsold
Dewald Brevis,Retained,Nan,0.0,0.0,Uncapped,Unsold
Suryakumar Yadav,Retained,Nan,0.0,0.0,Uncapped,Unsold
Ishan Kishan,Retained,Nan,0.0,0.0,Uncapped,Unsold
Tilak Varma,Retained,Nan,0.0,0.0,Uncapped,Unsold
Tim David,Retained,Nan,0.0,0.0,Uncapped,Unsold
Vishnu Vinod,Retained,Nan,0.0,0.0,Uncapped,Unsold
Arjun Tendulkar,Retained,Nan,0.0,0.0,Uncapped,Unsold
Shams Mulani,Retained,Nan,0.0,0.0,Uncapped,Unsold
Nehal Wadhera,Retained,Nan,0.0,0.0,Uncapped,Unsold
Jasprit Bumrah,Retained,Nan,0.0,0.0,Uncapped,Unsold
Kumar Kartikeya,Retained,Nan,0.0,0.0,Uncapped,Unsold
Piyush Chawla,Retained,Nan,0.0,0.0,Uncapped,Unsold
Akash Madhwal,Retained,Nan,0.0,0.0,Uncapped,Unsold
Jason Behrendorff,Retained,Nan,0.0,0.0,Uncapped,Unsold
Faf du Plessis,Retained,Nan,0.0,0.0,Uncapped,Unsold
Glenn Maxwell,Retained,Nan,0.0,0.0,Uncapped,Unsold
Virat Kohli,Retained,Nan,0.0,0.0,Uncapped,Unsold
Rajat Patidar,Retained,Nan,0.0,0.0,Uncapped,Unsold
Anuj Rawat,Retained,Nan,0.0,0.0,Uncapped,Unsold
Dinesh Karthik,Retained,Nan,0.0,0.0,Uncapped,Unsold
Suyash Prabhudessai,Retained,Nan,0.0,0.0,Uncapped,Unsold
Will Jacks,Retained,Nan,0.0,0.0,Uncapped,Unsold
Mahipal Lomror,Retained,Nan,0.0,0.0,Uncapped,Unsold
Karn Sharma,Retained,Nan,0.0,0.0,Uncapped,Unsold
Manoj Bhandage,Retained,Nan,0.0,0.0,Uncapped,Unsold
Vyshak Vijaykumar,Retained,Nan,0.0,0.0,Uncapped,Unsold
Akash Deep,Retained,Nan,0.0,0.0,Uncapped,Unsold
Mohammed Siraj,Retained,Nan,0.0,0.0,Uncapped,Unsold
Reece Topley,Retained,Nan,0.0,0.0,Uncapped,Unsold
Himanshu Sharma,Retained,Nan,0.0,0.0,Uncapped,Unsold
Rajan Kumar,Retained,Nan,0.0,0.0,Uncapped,Unsold
David Miller,Retained,Nan,0.0,0.0,Uncapped,Unsold
Shubman Gill,Retained,Nan,0.0,0.0,Uncapped,Unsold
Matthew Wade,Retained,Nan,0.0,0.0,Uncapped,Unsold
Wriddhiman Saha,Retained,Nan,0.0,0.0,Uncapped,Unsold
Kane Williamson,Retained,Nan,0.0,0.0,Uncapped,Unsold
Abhinav Manohar,Retained,Nan,0.0,0.0,Uncapped,Unsold
B. Sai Sudharsan,Retained,Nan,0.0,0.0,Uncapped,Unsold
Darshan Nalkande,Retained,Nan,0.0,0.0,Uncapped,Unsold
Vijay Shankar,Retained,Nan,0.0,0.0,Uncapped,Unsold
Jayant Yadav,Retained,Nan,0.0,0.0,Uncapped,Unsold
Rahul Tewatia,Retained,Nan,0.0,0.0,Uncapped,Unsold
Mohammed Shami,Retained,Nan,0.0,0.0,Uncapped,Unsold
Noor Ahmad,Retained,Nan,0.0,0.0,Uncapped,Unsold
R. Sai Kishore,Retained,Nan,0.0,0.0,Uncapped,Unsold
Rashid Khan,Retained,Nan,0.0,0.0,Uncapped,Unsold
Joshua Little,Retained,Nan,0.0,0.0,Uncapped,Unsold
Mohit Sharma,Retained,Nan,0.0,0.0,Uncapped,Unsold
KL Rahul,Retained,Nan,0.0,0.0,Uncapped,Unsold
Quinton de Kock,Retained,Nan,0.0,0.0,Uncapped,Unsold
Nicholas Pooran,Retained,Nan,0.0,0.0,Uncapped,Unsold
Ayush Badoni,Retained,Nan,0.0,0.0,Uncapped,Unsold
Kyle Mayers,Retained,Nan,0.0,0.0,Uncapped,Unsold
Marcus Stoinis,Retained,Nan,0.0,0.0,Uncapped,Unsold
Deepak Hooda,Retained,Nan,0.0,0.0,Uncapped,Unsold
Ravi Bishnoi,Retained,Nan,0.0,0.0,Uncapped,Unsold
Naveen-ul-Haq,Retained,Nan,0.0,0.0,Uncapped,Unsold
Krunal Pandya,Retained,Nan,0.0,0.0,Uncapped,Unsold
Yudhvir Singh,Retained,Nan,0.0,0.0,Uncapped,Unsold
Prerak Mankad,Retained,Nan,0.0,0.0,Uncapped,Unsold
Yash Thakur,Retained,Nan,0.0,0.0,Uncapped,Unsold
Amit Mishra,Retained,Nan,0.0,0.0,Uncapped,Unsold
Mark Wood,Retained,Nan,0.0,0.0,Uncapped,Unsold
Mayank Yadav,Retained,Nan,0.0,0.0,Uncapped,Unsold
Mohsin Khan,Retained,Nan,0.0,0.0,Uncapped,Unsold
Abdul Samad,Retained,Nan,0.0,0.0,Uncapped,Unsold
Aiden Markram,Retained,Nan,0.0,0.0,Uncapped,Unsold
Rahul Tripathi,Retained,Nan,0.0,0.0,Uncapped,Unsold
Glenn Phillips,Retained,Nan,0.0,0.0,Uncapped,Unsold
Heinrich Klaasen,Retained,Nan,0.0,0.0,Uncapped,Unsold
Mayank Agarwal,Retained,Nan,0.0,0.0,Uncapped,Unsold
Anmolpreet Singh,Retained,Nan,0.0,0.0,Uncapped,Unsold
Upendra Singh Yadav,Retained,Nan,0.0,0.0,Uncapped,Unsold
Nitish Kumar Reddy,Retained,Nan,0.0,0.0,Uncapped,Unsold
Abhishek Sharma,Retained,Nan,0.0,0.0,Uncapped,Unsold
Marco Jansen,Retained,Nan,0.0,0.0,Uncapped,Unsold
Washington Sundar,Retained,Nan,0.0,0.0,Uncapped,Unsold
Sanvir Singh,Retained,Nan,0.0,0.0,Uncapped,Unsold
Bhuvneshwar Kumar,Retained,Nan,0.0,0.0,Uncapped,Unsold
T Natarajan,Retained,Nan,0.0,0.0,Uncapped,Unsold
Mayank Markande,Retained,Nan,0.0,0.0,Uncapped,Unsold
Umran Malik,Retained,Nan,0.0,0.0,Uncapped,Unsold
Fazalhaq Farooqi,Retained,Nan,0.0,0.0,Uncapped,Unsold
Nitish Rana,Retained,Nan,0.0,0.0,Uncapped,Unsold
Rinku Singh,Retained,Nan,0.0,0.0,Uncapped,Unsold
Rahmanullah Gurbaz,Retained,Nan,0.0,0.0,Uncapped,Unsold
Shreyas Iyer,Retained,Nan,0.0,0.0,Uncapped,Unsold
Jason Roy,Retained,Nan,0.0,0.0,Uncapped,Unsold
Sunil Narine,Retained,Nan,0.0,0.0,Uncapped,Unsold
Suyash Sharma,Retained,Nan,0.0,0.0,Uncapped,Unsold
Anukul Roy,Retained,Nan,0.0,0.0,Uncapped,Unsold
Andre Russell,Retained,Nan,0.0,0.0,Uncapped,Unsold
Venkatesh Iyer,Retained,Nan,0.0,0.0,Uncapped,Unsold
Harshit Rana,Retained,Nan,0.0,0.0,Uncapped,Unsold
Vaibhav Arora,Retained,Nan,0.0,0.0,Uncapped,Unsold
Varun Chakaravarthy,Retained,Nan,0.0,0.0,Uncapped,Unsold
Shikhar Dhawan,Retained,Nan,0.0,0.0,Uncapped,Unsold
Liam Livingstone,Retained,Nan,0.0,0.0,Uncapped,Unsold
Jonny Bairstow,Retained,Nan,0.0,0.0,Uncapped,Unsold
Gurnoor Singh Brar,Retained,Nan,0.0,0.0,Uncapped,Unsold
Jitesh Sharma,Retained,Nan,0.0,0.0,Uncapped,Unsold
Shivam Singh,Retained,Nan,0.0,0.0,Uncapped,Unsold
Rahul Chahar,Retained,Nan,0.0,0.0,Uncapped,Unsold
Prabhsimran Singh,Retained,Nan,0.0,0.0,Uncapped,Unsold
Matthew Short,Retained,Nan,0.0,0.0,Uncapped,Unsold
Arshdeep Singh,Retained,Nan,0.0,0.0,Uncapped,Unsold
Harpreet Bhatia,Retained,Nan,0.0,0.0,Uncapped,Unsold
Harpreet Brar,Retained,Nan,0.0,0.0,Uncapped,Unsold
Atharva Taide,Retained,Nan,0.0,0.0,Uncapped,Unsold
Vidwath Kaverappa,Retained,Nan,0.0,0.0,Uncapped,Unsold
Rishi Dhawan,Retained,Nan,0.0,0.0,Uncapped,Unsold
Kagiso Rabada,Retained,Nan,0.0,0.0,Uncapped,Unsold
Sam Curran,Retained,Nan,0.0,0.0,Uncapped,Unsold
Nathan Ellis,Retained,Nan,0.0,0.0,Uncapped,Unsold
Sikandar Raza,Retained,Nan,0.0,0.0,Uncapped,Unsold
Sanju Samson,Retained,Nan,0.0,0.0,Uncapped,Unsold
Jos Buttler,Retained,Nan,0.0,0.0,Uncapped,Unsold
Shimron Hetmyer,Retained,Nan,0.0,0.0,Uncapped,Unsold
Yashasvi Jaiswal,Retained,Nan,0.0,0.0,Uncapped,Unsold
Dhruv Jurel,Retained,Nan,0.0,0.0,Uncapped,Unsold
Riyan Parag,Retained,Nan,0.0,0.0,Uncapped,Unsold
Donovan Ferreira,Retained,Nan,0.0,0.0,Uncapped,Unsold
Kunal Rathore,Retained,Nan,0.0,0.0,Uncapped,Unsold
Ravichandran Ashwin,Retained,Nan,0.0,0.0,Uncapped,Unsold
Kuldeep Sen,Retained,Nan,0.0,0.0,Uncapped,Unsold
Navdeep Saini,Retained,Nan,0.0,0.0,Uncapped,Unsold
Prasidh Krishna,Retained,Nan,0.0,0.0,Uncapped,Unsold
Sandeep Sharma,Retained,Nan,0.0,0.0,Uncapped,Unsold
Trent Boult,Retained,Nan,0.0,0.0,Uncapped,Unsold
Yuzvendra Chahal,Retained,Nan,0.0,0.0,Uncapped,Unsold
Adam Zampa,Retained,Nan,0.0,0.0,Uncapped,Unsold
Rishabh Pant,Retained,Nan,0.0,0.0,Uncapped,Unsold
Pravin Dubey,Retained,Nan,0.0,0.0,Uncapped,Unsold
David Warner,Retained,Nan,0.0,0.0,Uncapped,Unsold
Vicky Ostwal,Retained,Nan,0.0,0.0,Uncapped,Unsold
Prithvi Shaw,Retained,Nan,0.0,0.0,Uncapped,Unsold
Anrich Nortje,Retained,Nan,0.0,0.0,Uncapped,Unsold
Abishek Porel,Retained,Nan,0.0,0.0,Uncapped,Unsold
Kuldeep Yadav,Retained,Nan,0.0,0.0,Uncapped,Unsold
Axar Patel,Retained,Nan,0.0,0.0,Uncapped,Unsold
Lungi Ngidi,Retained,Nan,0.0,0.0,Uncapped,Unsold
Lalit Yadav,Retained,Nan,0.0,0.0,Uncapped,Unsold
Khaleel Ahmed,Retained,Nan,0.0,0.0,Uncapped,Unsold
Mitchell Marsh,Retained,Nan,0.0,0.0,Uncapped,Unsold
Ishant Sharma,Retained,Nan,0.0,0.0,Uncapped,Unsold
Yash Dhull,Retained,Nan,0.0,0.0,Uncapped,Unsold
Mukesh Kumar,Retained,Nan,0.0,0.0,Uncapped,Unsold
MS Dhoni,Retained,Nan,0.0,0.0,Uncapped,Unsold
Moeen Ali,Retained,Nan,0.0,0.0,Uncapped,Unsold
Deepak Chahar,Retained,Nan,0.0,0.0,Uncapped,Unsold
Devon Conway,Retained,Nan,0.0,0.0,Uncapped,Unsold
Tushar Deshpande,Retained,Nan,0.0,0.0,Uncapped,Unsold
Shivam Dube,Retained,Nan,0.0,0.0,Uncapped,Unsold
Ruturaj Gaikwad,Retained,Nan,0.0,0.0,Uncapped,Unsold
Rajvardhan Hangargekar,Retained,Nan,0.0,0.0,Uncapped,Unsold
Ravindra Jadeja,Retained,Nan,0.0,0.0,Uncapped,Unsold
Ajay Mandal,Retained,Nan,0.0,0.0,Uncapped,Unsold
Mukesh Choudhary,Retained,Nan,0.0,0.0,Uncapped,Unsold
Matheesha Pathirana,Retained,Nan,0.0,0.0,Uncapped,Unsold
Ajinkya Rahane,Retained,Nan,0.0,0.0,Uncapped,Unsold
Shaik Rasheed,Retained,Nan,0.0,0.0,Uncapped,Unsold
Mitchell Santner,Retained,Nan,0.0,0.0,Uncapped,Unsold
Simarjeet Singh,Retained,Nan,0.0,0.0,Uncapped,Unsold
Nishant Sindhu,Retained,Nan,0.0,0.0,Uncapped,Unsold
Prashant Solanki,Retained,Nan,0.0,0.0,Uncapped,Unsold
Maheesh Theekshana,Retained,Nan,0.0,0.0,Uncapped,Unsold
